configuration,N,LANES,generic_cells,register_bits,generic_combinational_cells,generic_mux_cells,word_adders,word_subtractors,word_comparators,word_muxes,word_priority_muxes,memories,memory_bits,mapped_cells,nangate45_cell_area_um2,setup_slack_ns_at_100MHz,effective_critical_budget_ns,max_cap_violations,power_internal_uW,power_switching_uW,power_dynamic_uW,power_leakage_uW,power_total_uW,vcd_annotated_pins,simulation_cycles_per_operation,limitations,relative_area_percent,relative_register_percent,relative_power_percent,model_throughput_operations_per_second
ntt_control_N2_L1,2,1,218,25,193,1,5,4,28,76,4,0,0,163,265.734,9.28727,0.71273,0,,,,,,,,controller only; Nangate45 typical; pre-layout ideal clock/no wire RC; reset false-path; cap violations where listed; power only N256 modeled backend,0.0,0.0,,
ntt_control_N2_L2,2,2,219,25,194,1,5,3,28,76,4,0,0,157,262.542,9.21179,0.78821,0,,,,,,,,controller only; Nangate45 typical; pre-layout ideal clock/no wire RC; reset false-path; cap violations where listed; power only N256 modeled backend,-1.2012,0.0,,
ntt_control_N2_L4,2,4,219,25,194,1,5,3,28,76,4,0,0,157,262.542,9.21179,0.78821,0,,,,,,,,controller only; Nangate45 typical; pre-layout ideal clock/no wire RC; reset false-path; cap violations where listed; power only N256 modeled backend,-1.2012,0.0,,
ntt_control_N2_L8,2,8,219,25,194,1,5,3,28,76,4,0,0,157,262.542,9.21179,0.78821,0,,,,,,,,controller only; Nangate45 typical; pre-layout ideal clock/no wire RC; reset false-path; cap violations where listed; power only N256 modeled backend,-1.2012,0.0,,
ntt_control_N4_L1,4,1,228,26,202,1,5,4,21,74,4,0,0,182,292.6,9.10604,0.89396,1,,,,,,,,controller only; Nangate45 typical; pre-layout ideal clock/no wire RC; reset false-path; cap violations where listed; power only N256 modeled backend,0.0,0.0,,
ntt_control_N4_L2,4,2,232,26,206,0,5,4,21,74,4,0,0,178,285.418,9.2223,0.7777,0,,,,,,,,controller only; Nangate45 typical; pre-layout ideal clock/no wire RC; reset false-path; cap violations where listed; power only N256 modeled backend,-2.4545,0.0,,
ntt_control_N4_L4,4,4,225,26,199,0,5,4,21,74,4,0,0,179,284.354,9.29322,0.70678,0,,,,,,,,controller only; Nangate45 typical; pre-layout ideal clock/no wire RC; reset false-path; cap violations where listed; power only N256 modeled backend,-2.8182,0.0,,
ntt_control_N4_L8,4,8,225,26,199,0,5,4,21,74,4,0,0,179,284.354,9.29322,0.70678,0,,,,,,,,controller only; Nangate45 typical; pre-layout ideal clock/no wire RC; reset false-path; cap violations where listed; power only N256 modeled backend,-2.8182,0.0,,
ntt_control_N8_L1,8,1,314,32,282,1,5,4,29,78,4,0,0,230,364.686,9.24895,0.75105,0,,,,,,,,controller only; Nangate45 typical; pre-layout ideal clock/no wire RC; reset false-path; cap violations where listed; power only N256 modeled backend,0.0,0.0,,
ntt_control_N8_L2,8,2,303,31,272,1,5,4,28,78,4,0,0,220,354.844,9.04277,0.95723,1,,,,,,,,controller only; Nangate45 typical; pre-layout ideal clock/no wire RC; reset false-path; cap violations where listed; power only N256 modeled backend,-2.6988,-3.125,,
ntt_control_N8_L4,8,4,304,31,273,0,5,4,28,78,4,0,0,225,353.248,9.12268,0.87732,1,,,,,,,,controller only; Nangate45 typical; pre-layout ideal clock/no wire RC; reset false-path; cap violations where listed; power only N256 modeled backend,-3.1364,-3.125,,
ntt_control_N8_L8,8,8,300,31,269,0,5,4,28,78,4,0,0,225,357.238,9.05503,0.94497,0,,,,,,,,controller only; Nangate45 typical; pre-layout ideal clock/no wire RC; reset false-path; cap violations where listed; power only N256 modeled backend,-2.0423,-3.125,,
ntt_control_N256_L1,256,1,398,42,356,2,5,4,22,76,4,0,0,314,495.824,8.92766,1.07234,1,35.5862758,5.55848328,41.14475908,10.0816342,51.2263941,71,4122,controller only; Nangate45 typical; pre-layout ideal clock/no wire RC; reset false-path; cap violations where listed; power only N256 modeled backend,0.0,0.0,0.0,24260.067928190198
ntt_control_N256_L2,256,2,386,41,345,3,5,4,22,76,4,0,0,300,480.662,8.98466,1.01534,1,36.4535372,7.87204044,44.32557764,10.071035799999999,54.396612499999996,96,2074,controller only; Nangate45 typical; pre-layout ideal clock/no wire RC; reset false-path; cap violations where listed; power only N256 modeled backend,-3.0579,-2.381,6.1886,48216.00771456124
ntt_control_N256_L4,256,4,378,40,338,3,5,4,22,76,4,0,0,298,473.48,9.1098,0.8902,0,33.8834361,4.994728439999999,38.87816454,9.558901180000001,48.4370648,144,1050,controller only; Nangate45 typical; pre-layout ideal clock/no wire RC; reset false-path; cap violations where listed; power only N256 modeled backend,-4.5064,-4.7619,-5.4451,95238.09523809524
ntt_control_N256_L8,256,8,375,39,336,3,5,4,22,76,4,0,0,303,469.224,8.93117,1.06883,2,30.0733827,1.77914376,31.85252646,9.3454928,41.1980218,240,538,controller only; Nangate45 typical; pre-layout ideal clock/no wire RC; reset false-path; cap violations where listed; power only N256 modeled backend,-5.3648,-7.1429,-19.5766,185873.6059479554
ntt_control_N512_L1,512,1,495,48,447,4,5,4,29,78,4,0,0,376,581.742,8.75597,1.24403,1,,,,,,,,controller only; Nangate45 typical; pre-layout ideal clock/no wire RC; reset false-path; cap violations where listed; power only N256 modeled backend,0.0,0.0,,
ntt_control_N512_L2,512,2,485,47,438,5,5,4,29,78,4,0,0,376,576.954,8.88943,1.11057,1,,,,,,,,controller only; Nangate45 typical; pre-layout ideal clock/no wire RC; reset false-path; cap violations where listed; power only N256 modeled backend,-0.823,-2.0833,,
ntt_control_N512_L4,512,4,478,46,432,5,5,4,29,78,4,0,0,407,605.948,9.03417,0.96583,0,,,,,,,,controller only; Nangate45 typical; pre-layout ideal clock/no wire RC; reset false-path; cap violations where listed; power only N256 modeled backend,4.161,-4.1667,,
ntt_control_N512_L8,512,8,472,45,427,5,5,4,29,78,4,0,0,385,574.028,8.86257,1.13743,2,,,,,,,,controller only; Nangate45 typical; pre-layout ideal clock/no wire RC; reset false-path; cap violations where listed; power only N256 modeled backend,-1.326,-6.25,,
ntt_control_N1024_L1,1024,1,502,49,453,4,5,4,29,78,4,0,0,406,620.844,9.00633,0.99367,0,,,,,,,,controller only; Nangate45 typical; pre-layout ideal clock/no wire RC; reset false-path; cap violations where listed; power only N256 modeled backend,0.0,0.0,,
ntt_control_N1024_L2,1024,2,499,48,451,3,5,4,29,78,4,0,0,394,599.298,9.02708,0.97292,0,,,,,,,,controller only; Nangate45 typical; pre-layout ideal clock/no wire RC; reset false-path; cap violations where listed; power only N256 modeled backend,-3.4704,-2.0408,,
ntt_control_N1024_L4,1024,4,491,47,444,3,5,4,29,78,4,0,0,394,596.106,8.76478,1.23522,2,,,,,,,,controller only; Nangate45 typical; pre-layout ideal clock/no wire RC; reset false-path; cap violations where listed; power only N256 modeled backend,-3.9846,-4.0816,,
ntt_control_N1024_L8,1024,8,486,46,440,5,5,4,29,78,4,0,0,398,599.032,9.0432,0.9568,0,,,,,,,,controller only; Nangate45 typical; pre-layout ideal clock/no wire RC; reset false-path; cap violations where listed; power only N256 modeled backend,-3.5133,-6.1224,,
